bits,quantizer,layer,mse,rmse,max_err,p99_err,p999_err,rel_med,rel_p95,rel_p99,cos_med,cos_p01,n_pairs
6,cart,ALL,9.877724647521973,3.1428847312927246,3.806891679763794,3.799640655517578,3.804870367050171,5.813508987426758,188.5515899658203,460.62255859375,0.9282059073448181,0.6989108324050903,23592960
6,cart,0,1.318237543106079,1.148145318031311,1.8700377941131592,1.8155280351638794,1.8525662422180176,0.46636512875556946,5.438448429107666,18.96503448486328,0.9656001329421997,0.5941455364227295,786432
6,cart,1,5.175297260284424,2.274927854537964,3.164537191390991,3.1322274208068848,3.154451847076416,1.5556684732437134,38.941734313964844,84.99008178710938,0.9354711174964905,0.7138249278068542,786432
6,cart,2,5.2723002433776855,2.2961490154266357,3.131892204284668,3.094087600708008,3.1197545528411865,1.6884582042694092,32.36198806762695,69.68592834472656,0.9311621189117432,0.6168639659881592,786432
6,cart,3,3.6183278560638428,1.9021903276443481,2.729332447052002,2.677509069442749,2.713837146759033,1.6194888353347778,18.70865249633789,44.53384017944336,0.9355905055999756,0.6719063520431519,786432
6,cart,4,3.25653338432312,1.8045867681503296,2.6883695125579834,2.6086227893829346,2.6685502529144287,0.9791109561920166,9.077326774597168,27.542612075805664,0.9297488331794739,0.6882674694061279,786432
6,cart,5,3.0332791805267334,1.7416311502456665,2.6914117336273193,2.5653090476989746,2.666252374649048,1.04021155834198,7.421032905578613,16.87067222595215,0.9449493288993835,0.6625890135765076,786432
6,cart,6,3.123769760131836,1.7674189805984497,2.6158254146575928,2.5281920433044434,2.5942742824554443,1.1679545640945435,8.61197566986084,24.39764976501465,0.9401204586029053,0.681830644607544,786432
6,cart,7,3.9705140590667725,1.9926148653030396,2.866849422454834,2.7860443592071533,2.8457863330841064,1.4771738052368164,12.181352615356445,28.718101501464844,0.9405894875526428,0.6847321391105652,786432
6,cart,8,5.294532299041748,2.300985097885132,3.0478975772857666,2.991520404815674,3.0315003395080566,2.8938584327697754,17.387968063354492,44.92270278930664,0.932449996471405,0.6080952882766724,786432
6,cart,9,5.024007320404053,2.2414298057556152,3.3251383304595947,3.2089860439300537,3.298078775405884,1.4063339233398438,6.936959743499756,20.878026962280273,0.9295943379402161,0.691662073135376,786432
6,cart,10,4.426694393157959,2.103971004486084,3.0148446559906006,2.9417665004730225,2.994638681411743,1.2332230806350708,9.446208000183105,26.810911178588867,0.9335591793060303,0.416795015335083,786432
6,cart,11,5.847417831420898,2.4181435108184814,3.3341381549835205,3.2967662811279297,3.3211350440979004,1.257063388824463,28.82362937927246,77.15696716308594,0.9479719400405884,0.6876804828643799,786432
6,cart,12,6.192269802093506,2.48842716217041,2.8993844985961914,2.892195463180542,2.8969457149505615,19.83341407775879,140.92684936523438,350.9361877441406,0.9329454898834229,0.6486819982528687,786432
6,cart,13,6.432133197784424,2.5361649990081787,2.889110803604126,2.8814451694488525,2.885732650756836,29.97273063659668,137.27386474609375,261.166748046875,0.9334385395050049,0.4344787895679474,786432
6,cart,14,5.519277095794678,2.3493142127990723,2.693082094192505,2.688007116317749,2.691694736480713,22.12620735168457,214.8166961669922,463.56378173828125,0.9285578727722168,0.7133951187133789,786432
6,cart,15,5.937313079833984,2.4366602897644043,2.8177127838134766,2.8141229152679443,2.8167550563812256,19.404937744140625,232.54278564453125,686.0485229492188,0.9433711767196655,0.7132890224456787,786432
6,cart,16,4.814253807067871,2.194140672683716,2.5386648178100586,2.532148599624634,2.536802291870117,18.886674880981445,159.33447265625,311.22576904296875,0.9261121153831482,0.48734143376350403,786432
6,cart,17,5.840066909790039,2.416623115539551,2.7399466037750244,2.7351109981536865,2.7380077838897705,22.259946823120117,206.72198486328125,490.79583740234375,0.9327812790870667,0.6975354552268982,786432
6,cart,18,10.255186080932617,3.202371835708618,3.554835081100464,3.54958176612854,3.5534255504608154,36.06980514526367,258.3885803222656,592.2896728515625,0.9256731271743774,0.7128109335899353,786432
6,cart,19,5.31349515914917,2.3051018714904785,2.6089277267456055,2.604342222213745,2.607276678085327,22.91817855834961,203.30726623535156,430.1142578125,0.9282340407371521,0.44739988446235657,786432
6,cart,20,4.1959228515625,2.0483951568603516,2.408963918685913,2.4011597633361816,2.4075984954833984,9.201008796691895,132.6387481689453,267.55096435546875,0.9313321709632874,0.6795613765716553,786432
6,cart,21,4.200870037078857,2.049602508544922,2.3801047801971436,2.375753879547119,2.378545045852661,13.688064575195312,192.33984375,466.17889404296875,0.9265640377998352,0.7025134563446045,786432
6,cart,22,4.569937705993652,2.1377413272857666,2.4408276081085205,2.4381165504455566,2.4401471614837646,15.040579795837402,247.00494384765625,691.816650390625,0.9357868432998657,0.4478296935558319,786432
6,cart,23,4.818978786468506,2.1952171325683594,2.544869899749756,2.541626453399658,2.544215440750122,12.116710662841797,244.57785034179688,673.1859741210938,0.9370306730270386,0.6977063417434692,786432
6,cart,24,4.57108736038208,2.138010025024414,2.4591917991638184,2.455385446548462,2.4576854705810547,14.919476509094238,180.4640350341797,538.8582153320312,0.9384087920188904,0.6025411486625671,786432
6,cart,25,9.488363265991211,3.0803186893463135,3.4161198139190674,3.40871524810791,3.4143588542938232,30.32640838623047,157.1453857421875,378.9471130371094,0.9222173690795898,0.7110586762428284,786432
6,cart,26,7.310703277587891,2.703831195831299,3.067063570022583,3.05979323387146,3.0646374225616455,23.17283058166504,168.12261962890625,357.2895202636719,0.9060257077217102,0.6595825552940369,786432
6,cart,27,10.070698738098145,3.173436403274536,3.599323034286499,3.588541269302368,3.596190929412842,24.825246810913086,117.9050064086914,292.5592956542969,0.9199724793434143,0.6725046038627625,786432
6,cart,28,5.111318111419678,2.2608225345611572,2.7241878509521484,2.7184596061706543,2.721787452697754,6.737686634063721,160.9230194091797,400.3941955566406,0.9307944178581238,0.7145777940750122,786432
6,cart,29,5.195322036743164,2.279325008392334,2.7956809997558594,2.7820703983306885,2.7916345596313477,5.749745845794678,76.33942413330078,176.5271453857422,0.9338332414627075,0.6713905334472656,786432
6,polar,ALL,0.8470970988273621,0.9203788042068481,13.751938819885254,2.5738298892974854,4.599192142486572,1.0,1.0,1.0,0.0,0.0,23592960
6,polar,0,0.6970460414886475,0.8348928093910217,4.762103080749512,3.0567831993103027,3.2614939212799072,0.3614407479763031,1.0,1.09408700466156,0.9641693234443665,0.0,786432
6,polar,1,0.913016140460968,0.9555187821388245,10.122631072998047,2.7050161361694336,7.328653812408447,0.7951107621192932,1.0,1.0,0.9242834448814392,0.0,786432
6,polar,2,1.1385959386825562,1.0670500993728638,11.660224914550781,3.3721413612365723,4.2123188972473145,1.0,1.0,1.0135475397109985,0.0,0.0,786432
6,polar,3,0.7517558932304382,0.8670385479927063,5.493101596832275,2.994486093521118,3.791161060333252,0.8876195549964905,1.0,1.0078039169311523,0.9256471395492554,0.0,786432
6,polar,4,0.9189289212226868,0.9586077928543091,8.95171070098877,3.1676199436187744,6.5630035400390625,0.5334386229515076,1.0,1.0076935291290283,0.952031672000885,0.0,786432
6,polar,5,0.9768785834312439,0.9883716702461243,7.504063606262207,3.076399803161621,3.9604194164276123,0.5336775183677673,1.0,1.037023663520813,0.9552962183952332,0.0,786432
6,polar,6,1.196905255317688,1.0940316915512085,5.044934272766113,3.8168258666992188,4.552791118621826,0.6480572819709778,1.0,1.0740433931350708,0.9425048232078552,0.0,786432
6,polar,7,0.7718227505683899,0.8785344362258911,6.190333843231201,2.8696157932281494,4.084029674530029,0.8783321976661682,1.0,1.019911289215088,0.9282659292221069,0.0,786432
6,polar,8,0.818038284778595,0.9044547080993652,4.690709590911865,2.809100389480591,4.625269889831543,1.0,1.0,1.0115251541137695,0.0,0.0,786432
6,polar,9,1.066768765449524,1.0328450202941895,4.6851630210876465,3.5664780139923096,3.8680951595306396,0.7339176535606384,1.0,1.073509693145752,0.9383111000061035,0.0,786432
6,polar,10,1.2128938436508179,1.1013145446777344,5.965651035308838,3.833707571029663,4.450078964233398,0.798507034778595,1.0,1.016083836555481,0.9305654764175415,0.0,786432
6,polar,11,1.4110699892044067,1.1878846883773804,7.596627712249756,3.985069990158081,4.619349479675293,0.6370448470115662,1.0,1.0,0.9334598779678345,0.0,786432
6,polar,12,0.3766884505748749,0.6137495040893555,8.805248260498047,1.6077851057052612,6.204111576080322,1.0,1.0,1.0,0.0,0.0,786432
6,polar,13,0.3506239354610443,0.5921350717544556,5.683753967285156,1.7845165729522705,3.4876253604888916,1.0,1.0,1.0,0.0,0.0,786432
6,polar,14,0.23192334175109863,0.48158419132232666,5.4806599617004395,1.3783695697784424,2.5868868827819824,1.0,1.0,1.0,0.0,0.0,786432
6,polar,15,0.3076600134372711,0.5546711087226868,9.996222496032715,1.421899676322937,6.577636241912842,1.0,1.0,1.0,0.0,0.0,786432
6,polar,16,0.3319975435733795,0.5761922597885132,5.14523458480835,1.5180152654647827,3.0694315433502197,1.0,1.0,1.0,0.0,0.0,786432
6,polar,17,0.2785660922527313,0.5277935862541199,5.910417079925537,1.741877555847168,2.5278513431549072,1.0,1.0,1.0,0.0,0.0,786432
6,polar,18,0.4384829103946686,0.6621804237365723,8.204615592956543,2.2524120807647705,3.4989373683929443,1.0,1.0,1.0,0.0,0.0,786432
6,polar,19,0.37928307056427,0.6158596277236938,12.459306716918945,1.4415452480316162,8.712065696716309,1.0,1.0,1.0,0.0,0.0,786432
6,polar,20,0.2555236220359802,0.5054934620857239,5.426029205322266,1.4872585535049438,2.8411669731140137,1.0,1.0,1.0,0.0,0.0,786432
6,polar,21,0.3491521179676056,0.5908909440040588,7.953649997711182,1.9701523780822754,5.2884202003479,1.0,1.0,1.0,0.0,0.0,786432
6,polar,22,0.4091588258743286,0.6396552324295044,10.184112548828125,1.619887351989746,6.895960330963135,1.0,1.0,1.0,0.0,0.0,786432
6,polar,23,0.2373649924993515,0.48720118403434753,5.295442581176758,1.3936766386032104,2.615037679672241,1.0,1.0,1.0,0.0,0.0,786432
6,polar,24,0.23033125698566437,0.4799283742904663,4.616925239562988,1.4001843929290771,2.865973949432373,1.0,1.0,1.0,0.0,0.0,786432
6,polar,25,0.4164728820323944,0.6453471183776855,11.259598731994629,1.458338975906372,8.294721603393555,1.0,1.0,1.0,0.0,0.0,786432
6,polar,26,0.43516889214515686,0.6596733331680298,11.052035331726074,1.6452455520629883,7.933860778808594,1.0,1.0,1.0,0.0,0.0,786432
6,polar,27,0.548416018486023,0.7405511736869812,13.784393310546875,1.6768934726715088,9.506643295288086,1.0,1.0,1.0,0.0,0.0,786432
6,polar,28,0.34873971343040466,0.5905418992042542,3.970322608947754,1.9753724336624146,2.2598917484283447,1.0,1.0,1.0,0.0,0.0,786432
6,polar,29,0.43227753043174744,0.6574781537055969,9.442065238952637,2.262255907058716,2.640348434448242,1.0,1.0,1.011417031288147,0.0,0.0,786432
6,log_polar,ALL,2.698378324508667,1.6426740884780884,17.14113426208496,10.645377159118652,13.988885879516602,0.5142399668693542,1.4689074754714966,1.6818397045135498,0.9783801436424255,0.7563353180885315,23592960
6,log_polar,0,4.937512397766113,2.2220513820648193,8.131854057312012,7.417937278747559,7.972886562347412,0.5220030546188354,1.4979804754257202,1.75412118434906,0.9766798615455627,0.7589699029922485,786432
6,log_polar,1,4.250173568725586,2.0615949630737305,12.280557632446289,9.184128761291504,10.695673942565918,0.471743643283844,1.2686816453933716,1.6029773950576782,0.9798997044563293,0.7525777220726013,786432
6,log_polar,2,5.040188312530518,2.2450363636016846,13.412975311279297,10.436004638671875,11.657633781433105,0.5106034278869629,1.454458475112915,1.6631958484649658,0.9778381586074829,0.7825641632080078,786432
6,log_polar,3,2.847723960876465,1.6875200271606445,11.044193267822266,8.480015754699707,9.538995742797852,0.500704288482666,1.4564169645309448,1.6776604652404785,0.9810741543769836,0.7514843344688416,786432
6,log_polar,4,2.9880921840667725,1.7286099195480347,10.730934143066406,7.745072364807129,9.193986892700195,0.5106470584869385,1.3885797262191772,1.6626811027526855,0.9797134399414062,0.7440747618675232,786432
6,log_polar,5,4.028549671173096,2.007124662399292,11.335488319396973,9.1657075881958,9.548952102661133,0.5043131709098816,1.4772531986236572,1.676865577697754,0.9799253344535828,0.7587150931358337,786432
6,log_polar,6,4.845107078552246,2.201160430908203,10.191033363342285,8.919537544250488,9.853687286376953,0.529167652130127,1.453761100769043,1.692590355873108,0.9759901165962219,0.7449939250946045,786432
6,log_polar,7,1.8722190856933594,1.3682905435562134,11.788838386535645,6.746460914611816,9.021262168884277,0.49103888869285583,1.4397399425506592,1.673835039138794,0.9800080060958862,0.7540650963783264,786432
6,log_polar,8,3.631606340408325,1.9056774377822876,11.494866371154785,10.499855995178223,11.321633338928223,0.5305272340774536,1.5045782327651978,1.6870557069778442,0.9792496562004089,0.7565295696258545,786432
6,log_polar,9,2.6900861263275146,1.6401481628417969,12.442130088806152,8.537250518798828,9.670857429504395,0.5120545625686646,1.4976657629013062,1.6913976669311523,0.9782744646072388,0.7499998211860657,786432
6,log_polar,10,3.618365526199341,1.9022002220153809,15.089164733886719,10.141064643859863,10.690434455871582,0.5076088309288025,1.4035049676895142,1.6713354587554932,0.9772577881813049,0.7481528520584106,786432
6,log_polar,11,8.82431697845459,2.9705750942230225,13.482645034790039,10.715429306030273,11.415604591369629,0.5368808507919312,1.4844142198562622,1.6625288724899292,0.9779435992240906,0.7721670269966125,786432
6,log_polar,12,0.7670230269432068,0.8757985234260559,11.741968154907227,2.7101078033447266,10.323237419128418,0.48053431510925293,1.503291130065918,1.6997714042663574,0.9759771227836609,0.7657306790351868,786432
6,log_polar,13,0.7005875110626221,0.8370110392570496,14.293848037719727,2.814577579498291,8.900753021240234,0.45400270819664,1.3913135528564453,1.6345927715301514,0.9780136346817017,0.7375625371932983,786432
6,log_polar,14,0.7167442440986633,0.846607506275177,10.165608406066895,3.023463726043701,8.383563041687012,0.4779576361179352,1.4060240983963013,1.6649736166000366,0.9794843196868896,0.7457998991012573,786432
6,log_polar,15,0.8432840704917908,0.918304979801178,10.866114616394043,3.137608766555786,9.080978393554688,0.46491917967796326,1.3895938396453857,1.6635292768478394,0.9818391799926758,0.7748301029205322,786432
6,log_polar,16,0.639564037322998,0.7997274994850159,12.098857879638672,2.9127554893493652,8.637901306152344,0.5247111320495605,1.3895580768585205,1.6500741243362427,0.9802817702293396,0.7391813397407532,786432
6,log_polar,17,0.8110495209693909,0.9005828499794006,12.298510551452637,3.0562517642974854,9.867334365844727,0.474803626537323,1.4294449090957642,1.6661018133163452,0.9768745303153992,0.765592098236084,786432
6,log_polar,18,1.3159788846969604,1.1471612453460693,16.20371437072754,3.168569326400757,13.124812126159668,0.5537952780723572,1.5225557088851929,1.6963902711868286,0.976415753364563,0.7721906900405884,786432
6,log_polar,19,0.7933242917060852,0.8906875252723694,12.459311485290527,2.853085517883301,11.11042594909668,0.5092756152153015,1.41680109500885,1.6586508750915527,0.9787364602088928,0.7737674117088318,786432
6,log_polar,20,1.0302797555923462,1.0150269269943237,9.648733139038086,6.5351128578186035,8.159926414489746,0.45652082562446594,1.4808564186096191,1.66777503490448,0.9795753359794617,0.7799211740493774,786432
6,log_polar,21,1.1025397777557373,1.0500189065933228,9.849770545959473,6.537261962890625,8.63020133972168,0.4774448275566101,1.483442783355713,1.6951148509979248,0.9802427291870117,0.7404205799102783,786432
6,log_polar,22,1.037886142730713,1.01876699924469,12.109634399414062,3.241652250289917,10.813843727111816,0.45871198177337646,1.3327646255493164,1.6492700576782227,0.9761216044425964,0.7679082751274109,786432
6,log_polar,23,1.4975147247314453,1.2237298488616943,10.445843696594238,8.255105018615723,8.490726470947266,0.5162846446037292,1.5246350765228271,1.6797138452529907,0.9791693091392517,0.7762584090232849,786432
6,log_polar,24,0.7844387888908386,0.8856855034828186,10.854159355163574,3.084778308868408,8.847777366638184,0.5000723600387573,1.3777341842651367,1.6670758724212646,0.977441132068634,0.7611470818519592,786432
6,log_polar,25,0.8567350506782532,0.9255998134613037,13.210750579833984,2.6481375694274902,10.971510887145996,0.4401158094406128,1.4073362350463867,1.6465543508529663,0.9790502786636353,0.7664884924888611,786432
6,log_polar,26,0.8263527750968933,0.9090394973754883,12.757644653320312,2.4856090545654297,9.982291221618652,0.4536544382572174,1.5122406482696533,1.7000571489334106,0.9753749370574951,0.7458139657974243,786432
6,log_polar,27,0.942424476146698,0.9707854986190796,14.729365348815918,2.8344690799713135,12.658625602722168,0.45021742582321167,1.4157345294952393,1.6832562685012817,0.9760682582855225,0.7699218988418579,786432
6,log_polar,28,1.9401575326919556,1.3928953409194946,9.85364055633545,8.539231300354004,8.742237091064453,0.4871021509170532,1.503131628036499,1.6767038106918335,0.9766728281974792,0.7697380781173706,786432
6,log_polar,29,2.6132500171661377,1.6165549755096436,11.162490844726562,8.790054321289062,9.24444580078125,0.5031623244285583,1.5090285539627075,1.6765086650848389,0.9785045981407166,0.7690134644508362,786432
8,cart,ALL,1.8536099195480347,1.3614734411239624,1.7765320539474487,1.769288182258606,1.7745133638381958,2.2752201557159424,87.51305389404297,214.46913146972656,0.9470438957214355,0.7006635069847107,23592960
8,cart,0,0.26282867789268494,0.5126681923866272,0.8712507486343384,0.8446619510650635,0.8528957366943359,0.25637421011924744,2.151879072189331,8.445073127746582,0.9911448955535889,0.6058693528175354,786432
8,cart,1,1.0037163496017456,1.0018564462661743,1.476481556892395,1.4450287818908691,1.466549038887024,0.6037567853927612,17.7047119140625,39.145790100097656,0.9721340537071228,0.7148913741111755,786432
8,cart,2,0.9337784647941589,0.966322124004364,1.4611852169036865,1.4243037700653076,1.4493303298950195,0.5378336906433105,14.620956420898438,32.01446533203125,0.9674916863441467,0.6231653690338135,786432
8,cart,3,0.6389696002006531,0.7993557453155518,1.2731283903121948,1.2249696254730225,1.25871741771698,0.5355803966522217,8.27096939086914,20.290115356445312,0.969488263130188,0.6759644150733948,786432
8,cart,4,0.567991316318512,0.7536519765853882,1.254353404045105,1.1914788484573364,1.237268090248108,0.4194830656051636,3.7791991233825684,12.39903450012207,0.9734393358230591,0.6961832046508789,786432
8,cart,5,0.5304072499275208,0.7282906174659729,1.2558503150939941,1.1795300245285034,1.236147165298462,0.38781172037124634,3.0143396854400635,7.392809867858887,0.9774733781814575,0.6715066432952881,786432
8,cart,6,0.5292710661888123,0.7275101542472839,1.220416784286499,1.152396321296692,1.2026731967926025,0.4513356685638428,3.563011407852173,10.89338207244873,0.9709020256996155,0.6859159469604492,786432
8,cart,7,0.6844268441200256,0.8273009657859802,1.337509274482727,1.2700982093811035,1.3193612098693848,0.5193785429000854,5.235093593597412,12.931331634521484,0.9671021699905396,0.6944671869277954,786432
8,cart,8,0.8754281401634216,0.935643196105957,1.4217997789382935,1.3690396547317505,1.4058952331542969,0.9752878546714783,7.6519880294799805,20.484699249267578,0.9444272518157959,0.610399067401886,786432
8,cart,9,0.8532201647758484,0.9236992001533508,1.551210641860962,1.4685035943984985,1.5292787551879883,0.5252212285995483,2.7889511585235596,9.279788970947266,0.9598996639251709,0.6966628432273865,786432
8,cart,10,0.7451927065849304,0.86324542760849,1.4057921171188354,1.3547468185424805,1.3907150030136108,0.4343388080596924,3.999793529510498,12.06950569152832,0.9723865389823914,0.43326693773269653,786432
8,cart,11,1.0069911479949951,1.0034894943237305,1.5558316707611084,1.5193575620651245,1.5431063175201416,0.4776287078857422,12.981369972229004,35.51394271850586,0.9777215123176575,0.6910083889961243,786432
8,cart,12,1.2289838790893555,1.1085954904556274,1.352978229522705,1.345798134803772,1.3505395650863647,8.790456771850586,65.28682708740234,163.3148651123047,0.9476697444915771,0.6495826244354248,786432
8,cart,13,1.2935136556625366,1.1373274326324463,1.348170518875122,1.3405207395553589,1.344796061515808,13.558349609375,63.613224029541016,121.357421875,0.9452890753746033,0.43504178524017334,786432
8,cart,14,1.0852500200271606,1.0417532920837402,1.2567484378814697,1.2516734600067139,1.2553610801696777,9.817206382751465,99.77490234375,215.92263793945312,0.9407472610473633,0.7138319611549377,786432
8,cart,15,1.18275785446167,1.087546706199646,1.314916968345642,1.311327338218689,1.3139593601226807,8.577701568603516,108.05083465576172,319.6243896484375,0.9525418877601624,0.7144941091537476,786432
8,cart,16,0.9328515529632568,0.9658424258232117,1.1846911907196045,1.1781915426254272,1.182829737663269,8.286619186401367,73.91641235351562,144.78244018554688,0.9365510940551758,0.4891413748264313,786432
8,cart,17,1.148040533065796,1.0714665651321411,1.2785661220550537,1.2737326622009277,1.2766340970993042,9.925396919250488,95.98764038085938,228.56744384765625,0.9448205232620239,0.6981140971183777,786432
8,cart,18,2.0139963626861572,1.4191534519195557,1.658888339996338,1.6536409854888916,1.6574788093566895,16.346389770507812,120.11176300048828,275.91796875,0.9419741034507751,0.7142747640609741,786432
8,cart,19,1.0382376909255981,1.01893949508667,1.2174290418624878,1.2128512859344482,1.2157779932022095,10.223270416259766,94.4136962890625,200.26271057128906,0.942800760269165,0.44925937056541443,786432
8,cart,20,0.7956834435462952,0.8920109272003174,1.1241304874420166,1.1163415908813477,1.1227649450302124,3.8427207469940186,61.431549072265625,124.36616516113281,0.9481082558631897,0.6817206740379333,786432
8,cart,21,0.8267440795898438,0.9092546701431274,1.1106332540512085,1.1062833070755005,1.1090734004974365,5.927433490753174,89.27869415283203,217.11192321777344,0.9436922669410706,0.7033336758613586,786432
8,cart,22,0.9127352833747864,0.9553717970848083,1.1389966011047363,1.1362873315811157,1.1383181810379028,6.574437618255615,114.80477142333984,322.3581848144531,0.9482881426811218,0.4506273567676544,786432
8,cart,23,0.9194232821464539,0.9588656425476074,1.1875576972961426,1.18431556224823,1.186903476715088,5.183350086212158,113.665771484375,313.627685546875,0.9490795731544495,0.6995387077331543,786432
8,cart,24,0.9026691913604736,0.9500890374183655,1.147526502609253,1.1437216997146606,1.1460201740264893,6.50339412689209,83.73648834228516,250.9573211669922,0.9467011094093323,0.6033394932746887,786432
8,cart,25,1.86683189868927,1.3663206100463867,1.5938977003097534,1.586498737335205,1.5921374559402466,13.67780876159668,72.85623931884766,176.31004333496094,0.9371941089630127,0.7132626175880432,786432
8,cart,26,1.4325876235961914,1.1969075202941895,1.431194543838501,1.4239306449890137,1.4287686347961426,10.374086380004883,77.96403503417969,166.2741241455078,0.9236020445823669,0.6605149507522583,786432
8,cart,27,1.9500908851623535,1.3964565992355347,1.6795098781585693,1.6687147617340088,1.6763726472854614,11.103219032287598,54.54417037963867,136.1475830078125,0.9341593384742737,0.6735336184501648,786432
8,cart,28,0.9434048533439636,0.9712902903556824,1.2711337804794312,1.2654060125350952,1.2687350511550903,2.7068593502044678,74.64830017089844,186.3385772705078,0.9474284648895264,0.7150166034698486,786432
8,cart,29,0.9545056223869324,0.9769880175590515,1.3045554161071777,1.2910420894622803,1.3005139827728271,2.228630542755127,35.142581939697266,81.88471221923828,0.9553625583648682,0.6737412214279175,786432
8,polar,ALL,0.19371460378170013,0.44013020396232605,6.666932106018066,1.1107293367385864,2.3004870414733887,1.0,1.0,1.0,0.0,0.0,23592960
8,polar,0,0.1569020301103592,0.39610859751701355,2.496678590774536,1.2891727685928345,1.398898720741272,0.17654196918010712,1.0,1.0,0.9935956597328186,0.0,786432
8,polar,1,0.24831074476242065,0.49830788373947144,4.825867176055908,1.4327187538146973,3.0352141857147217,0.26072943210601807,1.0,1.0,0.9894805550575256,0.0,786432
8,polar,2,0.25388407707214355,0.5038691163063049,6.084690093994141,1.4830985069274902,2.9916789531707764,0.25502800941467285,1.0,1.0,0.9899742603302002,0.0,786432
8,polar,3,0.16184966266155243,0.4023054242134094,2.521497964859009,1.1626551151275635,1.8123034238815308,0.22584545612335205,1.0,1.0,0.9917021989822388,0.0,786432
8,polar,4,0.20190662145614624,0.44934019446372986,4.525437831878662,1.2370890378952026,2.886474370956421,0.1999461054801941,1.0,1.0,0.9929664134979248,0.0,786432
8,polar,5,0.1784704476594925,0.42245763540267944,3.5457019805908203,1.1353490352630615,1.93110990524292,0.19782474637031555,1.0,1.0,0.993539571762085,0.0,786432
8,polar,6,0.1836155205965042,0.4285038113594055,2.5993831157684326,1.3533821105957031,1.7623664140701294,0.2057027369737625,1.0,1.0,0.9930309653282166,0.0,786432
8,polar,7,0.17779481410980225,0.4216572344303131,3.0246479511260986,1.3063180446624756,1.9490925073623657,0.23392315208911896,1.0,1.0,0.9917627573013306,0.0,786432
8,polar,8,0.1676129698753357,0.4094056189060211,2.1697068214416504,0.8900195360183716,1.446118712425232,0.4324483871459961,1.0,1.0,0.988290548324585,0.0,786432
8,polar,9,0.19120843708515167,0.43727385997772217,2.6141860485076904,0.9815748929977417,1.5913816690444946,0.21559469401836395,1.0,1.0,0.9940453767776489,0.0,786432
8,polar,10,0.2529391050338745,0.5029305219650269,3.257282018661499,1.1304938793182373,2.0907974243164062,0.27127572894096375,1.0,1.0,0.992296576499939,0.0,786432
8,polar,11,0.2798490822315216,0.529007613658905,3.9751734733581543,1.6818772554397583,2.355212450027466,0.246833935379982,1.0,1.0,0.9918315410614014,0.0,786432
8,polar,12,0.09676723927259445,0.31107431650161743,4.500639915466309,0.7703413963317871,2.7046854496002197,1.0,1.0,1.0,0.0,0.0,786432
8,polar,13,0.09536608308553696,0.30881398916244507,3.112578868865967,0.8430046439170837,2.161539077758789,1.0,1.0,1.0,0.0,0.0,786432
8,polar,14,0.06153968349099159,0.24807193875312805,2.603036403656006,0.7333645224571228,1.2371697425842285,1.0,1.0,1.0,0.0,0.0,786432
8,polar,15,0.08586052805185318,0.29301968216896057,4.721139907836914,0.7671912908554077,2.569077968597412,1.0,1.0,1.0,0.0,0.0,786432
8,polar,16,0.07381385564804077,0.2716870605945587,2.6576762199401855,0.7425389885902405,2.012990951538086,1.0,1.0,1.0,0.0,0.0,786432
8,polar,17,0.06964558362960815,0.26390448212623596,2.5005905628204346,0.6462495923042297,1.272511601448059,1.0,1.0,1.0,0.0,0.0,786432
8,polar,18,0.11735745519399643,0.34257474541664124,3.5587995052337646,0.9012810587882996,2.092050552368164,1.0,1.0,1.0,0.0,0.0,786432
8,polar,19,0.09454753249883652,0.30748581886291504,6.352740287780762,0.7233529686927795,4.186847686767578,1.0,1.0,1.0,0.0,0.0,786432
8,polar,20,0.06839004904031754,0.26151490211486816,2.635552406311035,0.7267059087753296,1.4194507598876953,1.0,1.0,1.0,0.0,0.0,786432
8,polar,21,0.07263285666704178,0.2695048451423645,3.8650429248809814,0.7811949253082275,2.025736093521118,1.0,1.0,1.0,0.0,0.0,786432
8,polar,22,0.09761079400777817,0.31242725253105164,4.348836898803711,0.7810253500938416,2.864670753479004,1.0,1.0,1.0,0.0,0.0,786432
8,polar,23,0.06611870974302292,0.2571355998516083,2.4971415996551514,0.7026750445365906,1.4882899522781372,1.0,1.0,1.0,0.0,0.0,786432
8,polar,24,0.07200006395578384,0.2683282792568207,2.407015085220337,0.6735544204711914,1.3927520513534546,1.0,1.0,1.0,0.0,0.0,786432
8,polar,25,0.10311758518218994,0.3211192786693573,5.109847068786621,0.7073131203651428,3.612323760986328,1.0,1.0,1.0,0.0,0.0,786432
8,polar,26,0.09085878729820251,0.3014279007911682,4.996853828430176,0.7065192461013794,3.0365655422210693,1.0,1.0,1.0,0.0,0.0,786432
8,polar,27,0.1407100111246109,0.3751133382320404,6.644921779632568,0.8927146792411804,4.421087265014648,1.0,1.0,1.0,0.0,0.0,786432
8,polar,28,0.09136870503425598,0.3022725582122803,2.6090259552001953,0.9572256803512573,1.5822662115097046,1.0,1.0,1.0,0.0,0.0,786432
8,polar,29,0.10445526242256165,0.3231953978538513,4.617312908172607,1.0050114393234253,1.6821537017822266,1.0,1.0,1.0,0.0,0.0,786432
8,log_polar,ALL,0.38623398542404175,0.6214772462844849,10.567304611206055,2.5746140480041504,5.334014415740967,0.2588520646095276,0.5367394685745239,0.5933000445365906,0.9949731826782227,0.9491081237792969,23592960
8,log_polar,0,0.5980827808380127,0.7733581066131592,4.758939266204834,2.3986568450927734,4.092589378356934,0.23019276559352875,0.5504167079925537,0.5928866267204285,0.9945148229598999,0.9503716826438904,786432
8,log_polar,1,0.9636168479919434,0.9816398620605469,7.676878452301025,4.480513095855713,6.135652542114258,0.2628149092197418,0.5578510165214539,0.6004874110221863,0.9944537281990051,0.9472893476486206,786432
8,log_polar,2,1.0691580772399902,1.0340009927749634,8.015023231506348,5.292452812194824,6.336533069610596,0.23342233896255493,0.5310294032096863,0.5816562175750732,0.9954863786697388,0.9612421989440918,786432
8,log_polar,3,0.6311607956886292,0.7944563031196594,5.620974540710449,3.467471122741699,5.29538631439209,0.2564428448677063,0.5310568809509277,0.5901886820793152,0.9948268532752991,0.9467567205429077,786432
8,log_polar,4,0.7617740035057068,0.8727966547012329,6.5516767501831055,3.3456501960754395,5.247859954833984,0.2731700837612152,0.5465901494026184,0.6042692065238953,0.994570255279541,0.9431047439575195,786432
8,log_polar,5,0.745554506778717,0.8634549975395203,6.307401657104492,3.5821471214294434,5.1683878898620605,0.2558213770389557,0.5314990282058716,0.5912991762161255,0.9949320554733276,0.9502499103546143,786432
8,log_polar,6,0.9297378659248352,0.964229166507721,5.645800590515137,4.466544151306152,5.347222328186035,0.2642582654953003,0.5300884246826172,0.592762291431427,0.9949864149093628,0.9435615539550781,786432
8,log_polar,7,0.7958109378814697,0.8920823335647583,6.151134014129639,4.861778736114502,5.693238735198975,0.2568129599094391,0.5350946187973022,0.5928286910057068,0.9948078989982605,0.9480116367340088,786432
8,log_polar,8,0.49886825680732727,0.7063060402870178,6.761197090148926,2.649120330810547,6.248727798461914,0.25735005736351013,0.5367297530174255,0.5904678106307983,0.9950726628303528,0.9492014646530151,786432
8,log_polar,9,0.8053011894226074,0.8973857760429382,6.816100120544434,3.326632022857666,6.178518772125244,0.2750142812728882,0.5428720116615295,0.5946099758148193,0.9952736496925354,0.9460307955741882,786432
8,log_polar,10,0.7771397233009338,0.8815552592277527,7.632352828979492,3.8916566371917725,6.608273506164551,0.27308622002601624,0.5474269390106201,0.5972303152084351,0.9949144721031189,0.9451234936714172,786432
8,log_polar,11,1.5727134943008423,1.25407874584198,6.768026828765869,5.882803916931152,6.336250305175781,0.28442972898483276,0.5482310652732849,0.603672444820404,0.9956189393997192,0.9565537571907043,786432
8,log_polar,12,0.22456617653369904,0.47388413548469543,7.525688648223877,1.971303939819336,4.977718353271484,0.24288201332092285,0.5213983058929443,0.5862953066825867,0.9950993657112122,0.9535699486732483,786432
8,log_polar,13,0.27536696195602417,0.5247541666030884,7.3507280349731445,2.2072408199310303,6.432367324829102,0.27253299951553345,0.5421660542488098,0.5982387661933899,0.9950634837150574,0.939836859703064,786432
8,log_polar,14,0.22397594153881073,0.4732609689235687,5.246321201324463,2.010449171066284,4.262611389160156,0.2467544972896576,0.5545070767402649,0.605023205280304,0.9948355555534363,0.9439613819122314,786432
8,log_polar,15,0.21107715368270874,0.45943135023117065,6.741378307342529,1.8131223917007446,4.733456134796143,0.25701621174812317,0.5312258005142212,0.5913713574409485,0.9946805834770203,0.9578002095222473,786432
8,log_polar,16,0.24343471229076385,0.4933910369873047,6.116923809051514,2.1310150623321533,4.998188495635986,0.25961291790008545,0.5340996980667114,0.5926921963691711,0.9941408038139343,0.9406540393829346,786432
8,log_polar,17,0.19186662137508392,0.4380258321762085,6.2038092613220215,2.280541181564331,4.62570333480835,0.2623632550239563,0.5472410321235657,0.5930054783821106,0.9958260655403137,0.9535050988197327,786432
8,log_polar,18,0.18150830268859863,0.42603790760040283,8.636096000671387,1.735990047454834,4.1210856437683105,0.24547827243804932,0.5265044569969177,0.5878279209136963,0.9943665862083435,0.9565646648406982,786432
8,log_polar,19,0.20620547235012054,0.45409852266311646,7.741257667541504,1.7223256826400757,6.139479160308838,0.2553642690181732,0.534786581993103,0.5921618342399597,0.9954982995986938,0.9572861790657043,786432
8,log_polar,20,0.16459117829799652,0.40569838881492615,5.051669597625732,1.6794846057891846,3.7695999145507812,0.2514527440071106,0.5234187841415405,0.5870926380157471,0.9953170418739319,0.9600661396980286,786432
8,log_polar,21,0.1951936036348343,0.44180721044540405,5.712011337280273,1.9005523920059204,4.493778705596924,0.25012221932411194,0.5518079400062561,0.6120842099189758,0.9945392608642578,0.9412775635719299,786432
8,log_polar,22,0.2752401828765869,0.5246334075927734,7.392177581787109,2.1762216091156006,5.025936126708984,0.2467777580022812,0.5297438502311707,0.5938133597373962,0.9948967695236206,0.9545862078666687,786432
8,log_polar,23,0.20265328884124756,0.45017027854919434,5.414033889770508,1.941213846206665,4.582809925079346,0.23964014649391174,0.5321138501167297,0.5878005027770996,0.9944747686386108,0.9584184288978577,786432
8,log_polar,24,0.1874183863401413,0.4329184591770172,5.537272930145264,1.9779274463653564,3.815999984741211,0.25833022594451904,0.5395487546920776,0.5885145664215088,0.9949397444725037,0.9514087438583374,786432
8,log_polar,25,0.2684847116470337,0.5181550979614258,8.102700233459473,2.139164686203003,6.077899932861328,0.2548433542251587,0.5276566743850708,0.5908016562461853,0.9948614835739136,0.9539244771003723,786432
8,log_polar,26,0.3206753134727478,0.5662820339202881,6.820247650146484,2.4483344554901123,5.506795883178711,0.24900048971176147,0.5465447902679443,0.5938437581062317,0.9950410723686218,0.9439684748649597,786432
8,log_polar,27,0.3717544376850128,0.6097167134284973,9.038665771484375,2.3648765087127686,7.170170783996582,0.2500962018966675,0.5229150652885437,0.58689945936203,0.9954593777656555,0.95551997423172,786432
8,log_polar,28,0.21709148585796356,0.4659307599067688,5.449867248535156,1.907792091369629,4.547443389892578,0.24836832284927368,0.5334989428520203,0.5876829028129578,0.9950495362281799,0.9554349184036255,786432
8,log_polar,29,0.2723773121833801,0.5218977928161621,6.932100296020508,1.8479187488555908,5.099701404571533,0.25718510150909424,0.5250527858734131,0.5915746092796326,0.9954032897949219,0.9550994634628296,786432
8,fp4_like,ALL,0.2632577419281006,0.5130864977836609,3.3380839824676514,1.0559780597686768,1.6364970207214355,1.0,1.0,1.0,-0.0,-0.0,23592960
8,fp4_like,0,0.1444246619939804,0.3800324499607086,1.8030935525894165,1.192250370979309,1.6719820499420166,0.16798315942287445,1.0,1.0,0.9958236813545227,0.0,786432
8,fp4_like,1,0.2586362957954407,0.5085629820823669,2.7001564502716064,1.1875590085983276,2.1757121086120605,0.3844131529331207,1.0,1.0,0.9748002290725708,0.0,786432
8,fp4_like,2,0.30884483456611633,0.555738091468811,2.930753469467163,1.666885495185852,2.5594677925109863,0.4578150808811188,1.0,1.0,0.9669502377510071,-0.0,786432
8,fp4_like,3,0.23847056925296783,0.4883344769477844,2.3955397605895996,1.3383504152297974,2.0767834186553955,0.35817235708236694,1.0,1.0,0.9779571890830994,0.0,786432
8,fp4_like,4,0.21723651885986328,0.46608638763427734,2.339266061782837,0.8795872330665588,1.7370866537094116,0.2668600082397461,1.0,1.0,0.9876905679702759,0.0,786432
8,fp4_like,5,0.21758687496185303,0.46646207571029663,2.3614752292633057,0.9300583004951477,1.2722046375274658,0.25611284375190735,1.0,1.0,0.9890374541282654,0.0,786432
8,fp4_like,6,0.2523019015789032,0.5022966265678406,2.3141279220581055,1.349656581878662,2.2096078395843506,0.2980479300022125,1.0,1.0,0.986028254032135,0.0,786432
8,fp4_like,7,0.25192227959632874,0.501918613910675,2.4664483070373535,1.233661413192749,2.129223108291626,0.35415586829185486,1.0,1.0,0.9774410128593445,0.0,786432
8,fp4_like,8,0.2473040372133255,0.4972967207431793,2.8483083248138428,1.1153994798660278,1.4493918418884277,0.7112781405448914,1.0,1.0,0.9146450161933899,0.0,786432
8,fp4_like,9,0.3464711904525757,0.5886180400848389,2.854778528213501,1.158653974533081,2.060875654220581,0.33760935068130493,1.0,1.0,0.9811272025108337,0.0,786432
8,fp4_like,10,0.2947082817554474,0.5428704023361206,3.236043930053711,1.291624665260315,2.6350998878479004,0.2888498902320862,1.0,1.0,0.9828352332115173,-0.0,786432
8,fp4_like,11,0.369996577501297,0.608273446559906,2.9481775760650635,1.7236744165420532,2.8933820724487305,0.30200687050819397,1.0,1.0,0.9824739694595337,0.0,786432
8,fp4_like,12,0.11139950156211853,0.3337656259536743,2.6593573093414307,0.7636452317237854,2.1945300102233887,1.0,1.0,1.0,0.0,-0.0,786432
8,fp4_like,13,0.10360268503427505,0.3218737244606018,3.002490520477295,0.8126447796821594,1.4299399852752686,1.0,1.0,1.0,0.0,0.0,786432
8,fp4_like,14,0.10140129923820496,0.3184356987476349,2.2820634841918945,0.7273791432380676,1.6611738204956055,1.0,1.0,1.0,0.0,0.0,786432
8,fp4_like,15,0.0967010036110878,0.3109678626060486,2.3898675441741943,0.7271010279655457,1.7571333646774292,1.0,1.0,1.0,-0.0,0.0,786432
8,fp4_like,16,0.08649414777755737,0.2940988838672638,2.6801810264587402,0.6917905807495117,1.9797531366348267,1.0,1.0,1.0,-0.0,-0.0,786432
8,fp4_like,17,0.10113082081079483,0.31801071763038635,2.360328435897827,0.7163116931915283,1.2225384712219238,1.0,1.0,1.0,0.0,0.0,786432
8,fp4_like,18,0.13091367483139038,0.36181995272636414,3.2338876724243164,0.9444453120231628,1.4549733400344849,1.0,1.0,1.0,0.0,-0.0,786432
8,fp4_like,19,0.10276513546705246,0.3205700218677521,2.7639880180358887,0.7350397706031799,2.2698683738708496,1.0,1.0,1.0,0.0,-0.0,786432
8,fp4_like,20,0.08885779976844788,0.29809024930000305,2.1221871376037598,0.671114444732666,1.1280535459518433,1.0,1.0,1.0,0.0,0.0,786432
8,fp4_like,21,0.07729443162679672,0.2780187726020813,2.0447044372558594,0.6602247953414917,1.3625115156173706,1.0,1.0,1.0,-0.0,-0.0,786432
8,fp4_like,22,0.07688245922327042,0.277276873588562,2.5963590145111084,0.66850745677948,1.6203550100326538,1.0,1.0,1.0,0.0,-0.0,786432
8,fp4_like,23,0.09528227895498276,0.3086782693862915,2.2128682136535645,0.715848982334137,1.22944176197052,1.0,1.0,1.0,0.0,-0.0,786432
8,fp4_like,24,0.07611402869224548,0.27588769793510437,2.325209140777588,0.6560558080673218,1.1149425506591797,1.0,1.0,1.0,0.0,0.0,786432
8,fp4_like,25,0.12006764858961105,0.3465077877044678,2.816776752471924,0.8708004355430603,1.7294762134552002,1.0,1.0,1.0,0.0,-0.0,786432
8,fp4_like,26,0.11881128698587418,0.34469014406204224,2.750065326690674,0.7910897135734558,2.1058080196380615,1.0,1.0,1.0,0.0,0.0,786432
8,fp4_like,27,0.17193381488323212,0.41464903950691223,3.1520795822143555,0.9206801652908325,2.3730685710906982,1.0,1.0,1.0,0.0,0.0,786432
8,fp4_like,28,0.14626957476139069,0.3824520409107208,2.3082659244537354,1.0648791790008545,1.7596665620803833,1.0,1.0,1.0,-0.0,0.0,786432
8,fp4_like,29,0.14396582543849945,0.37942829728126526,2.510355234146118,0.7780380249023438,1.455628514289856,1.0,1.0,1.0,0.0,-0.0,786432
8,log_polar_hyb1pct,ALL,0.2691371440887451,0.5187842845916748,4.20591926574707,1.9943584203720093,3.2144129276275635,0.2575303316116333,0.5363487601280212,0.5931171774864197,0.9950466752052307,0.9495947360992432,23592960
8,log_polar_hyb1pct,0,0.5460038185119629,0.7389206886291504,4.108032703399658,2.1066579818725586,4.0890607833862305,0.2293124943971634,0.5497420430183411,0.5925853848457336,0.9945243000984192,0.9503716826438904,786432
8,log_polar_hyb1pct,1,0.6622404456138611,0.8137815594673157,7.676878452301025,2.6103012561798096,6.118492603302002,0.258364200592041,0.5520434379577637,0.6000998020172119,0.9946222305297852,0.9477729201316833,786432
8,log_polar_hyb1pct,2,0.9308802485466003,0.9648213386535645,8.015023231506348,5.263298511505127,6.298478603363037,0.23147809505462646,0.531015932559967,0.5816562175750732,0.9956622123718262,0.9622563719749451,786432
8,log_polar_hyb1pct,3,0.5149080753326416,0.717570960521698,5.620974540710449,2.936178684234619,5.29538631439209,0.2533394396305084,0.5310568809509277,0.5901886820793152,0.9949325323104858,0.9467567205429077,786432
8,log_polar_hyb1pct,4,0.6338552832603455,0.796150267124176,6.5516767501831055,2.6434433460235596,5.1197614669799805,0.27002108097076416,0.5465550422668457,0.6042692065238953,0.9946085214614868,0.9437705874443054,786432
8,log_polar_hyb1pct,5,0.5440993905067444,0.7376309037208557,6.012929916381836,2.21621036529541,3.3408329486846924,0.2522799074649811,0.5304149985313416,0.5912353992462158,0.9949750900268555,0.9502557516098022,786432
8,log_polar_hyb1pct,6,0.8731746673583984,0.934438169002533,5.645800590515137,4.466544151306152,5.347222328186035,0.26374533772468567,0.5300884246826172,0.592762291431427,0.9950119256973267,0.9435615539550781,786432
8,log_polar_hyb1pct,7,0.5752270817756653,0.7584372758865356,6.151134014129639,2.8111445903778076,5.693238735198975,0.2530350685119629,0.5350946187973022,0.5928286910057068,0.9949759840965271,0.9480116367340088,786432
8,log_polar_hyb1pct,8,0.19721244275569916,0.44408607482910156,3.120008707046509,1.4093092679977417,2.4971911907196045,0.253372460603714,0.529977023601532,0.5903543829917908,0.9950919151306152,0.9492014646530151,786432
8,log_polar_hyb1pct,9,0.6006502509117126,0.7750163078308105,3.627903938293457,2.7777764797210693,3.289018154144287,0.2711772322654724,0.540938675403595,0.5945833921432495,0.995297372341156,0.9460307955741882,786432
8,log_polar_hyb1pct,10,0.5528221130371094,0.7435200810432434,4.288611888885498,3.238654851913452,3.8869733810424805,0.26952221989631653,0.5466690063476562,0.5971361398696899,0.9949644804000854,0.9451234936714172,786432
8,log_polar_hyb1pct,11,1.4585375785827637,1.2076992988586426,6.768026828765869,5.882803916931152,6.336250305175781,0.28433406352996826,0.5482310652732849,0.603672444820404,0.9957787990570068,0.9565537571907043,786432
8,log_polar_hyb1pct,12,0.11709988862276077,0.34219861030578613,3.0296599864959717,1.744949221611023,2.308056354522705,0.2399994134902954,0.5205555558204651,0.5854865908622742,0.9952326416969299,0.9554155468940735,786432
8,log_polar_hyb1pct,13,0.1251988261938095,0.35383445024490356,3.4433248043060303,1.2714334726333618,2.6862056255340576,0.2694872319698334,0.5409872531890869,0.597826361656189,0.9951926469802856,0.9402105212211609,786432
8,log_polar_hyb1pct,14,0.15320821106433868,0.3914182186126709,2.502622365951538,1.9685444831848145,2.0992164611816406,0.24451830983161926,0.5541601777076721,0.6049671173095703,0.9948962926864624,0.9440218806266785,786432
8,log_polar_hyb1pct,15,0.13017183542251587,0.3607933521270752,2.6276588439941406,1.3066035509109497,2.079793691635132,0.2549247145652771,0.5305963158607483,0.5907116532325745,0.9947713017463684,0.9599298238754272,786432
8,log_polar_hyb1pct,16,0.14402635395526886,0.37950804829597473,2.9071972370147705,2.0965158939361572,2.3110809326171875,0.2579502463340759,0.5337251424789429,0.5926757454872131,0.9942197203636169,0.9408168196678162,786432
8,log_polar_hyb1pct,17,0.12766344845294952,0.3573002219200134,3.0258421897888184,2.199983835220337,2.322561025619507,0.2606045603752136,0.5469200611114502,0.5929529666900635,0.995903491973877,0.95353764295578,786432
8,log_polar_hyb1pct,18,0.09943080693483353,0.3153265118598938,4.022614479064941,1.2318412065505981,3.014913558959961,0.24336183071136475,0.5262641310691833,0.5877211689949036,0.9944956302642822,0.956730306148529,786432
8,log_polar_hyb1pct,19,0.07870679348707199,0.2805473208427429,3.0080482959747314,1.1894625425338745,2.391913414001465,0.2531811594963074,0.5336601138114929,0.5918060541152954,0.9955793619155884,0.9614312052726746,786432
8,log_polar_hyb1pct,20,0.11154939979314804,0.3339901268482208,2.4297564029693604,1.5748205184936523,1.9162755012512207,0.2495761662721634,0.5228918194770813,0.5868730545043945,0.9954203963279724,0.9601061940193176,786432
8,log_polar_hyb1pct,21,0.1128898337483406,0.3359908163547516,2.363332509994507,1.5623244047164917,1.9354718923568726,0.24751554429531097,0.5510326027870178,0.6115338206291199,0.9946494102478027,0.9414613842964172,786432
8,log_polar_hyb1pct,22,0.17658592760562897,0.4202212691307068,2.927560567855835,2.1465306282043457,2.289329767227173,0.24471110105514526,0.5292803049087524,0.5930994749069214,0.9950170516967773,0.957822322845459,786432
8,log_polar_hyb1pct,23,0.1218651533126831,0.34909188747406006,2.510225534439087,1.8671237230300903,2.0175137519836426,0.23705829679965973,0.5312857031822205,0.5876518487930298,0.9945634007453918,0.9584788680076599,786432
8,log_polar_hyb1pct,24,0.1410592943429947,0.3755786120891571,2.6551716327667236,1.9653582572937012,2.064148187637329,0.25735634565353394,0.5392156839370728,0.5883373618125916,0.9950341582298279,0.9514922499656677,786432
8,log_polar_hyb1pct,25,0.11680867522954941,0.3417728543281555,3.18249773979187,1.5458587408065796,2.501077175140381,0.2523346245288849,0.5260229110717773,0.5897315144538879,0.99495929479599,0.9569923877716064,786432
8,log_polar_hyb1pct,26,0.20531167089939117,0.453113317489624,3.0574121475219727,2.4278318881988525,2.4819564819335938,0.24619713425636292,0.5461233854293823,0.5937175154685974,0.9951382875442505,0.9440049529075623,786432
8,log_polar_hyb1pct,27,0.15750141441822052,0.39686447381973267,3.543471574783325,1.668110728263855,2.7065868377685547,0.24739068746566772,0.5205956101417542,0.5857738852500916,0.9955952167510986,0.9609395265579224,786432
8,log_polar_hyb1pct,28,0.1403079479932785,0.37457701563835144,2.5506319999694824,1.3277266025543213,2.1238784790039062,0.24673709273338318,0.5327434539794922,0.5875247716903687,0.9951081871986389,0.9554349184036255,786432
8,log_polar_hyb1pct,29,0.1817656308412552,0.4263398051261902,2.7377209663391113,1.55215585231781,2.2598929405212402,0.25526583194732666,0.5237836241722107,0.5911691188812256,0.9954516291618347,0.9560680985450745,786432
8,polar_hyb1pct,ALL,0.1729021966457367,0.4158150851726532,3.4572432041168213,0.9990052580833435,1.4626648426055908,1.0,1.0,1.0,0.0,0.0,23592960
8,polar_hyb1pct,0,0.15434594452381134,0.39286887645721436,2.496678590774536,1.2886347770690918,1.3983609676361084,0.17652645707130432,1.0,1.0,0.9936026334762573,0.0,786432
8,polar_hyb1pct,1,0.21482634544372559,0.4634936451911926,3.8208742141723633,1.2037615776062012,2.1265602111816406,0.2603141963481903,1.0,1.0,0.9896193146705627,0.0,786432
8,polar_hyb1pct,2,0.17817813158035278,0.42211151123046875,4.974443435668945,1.1264837980270386,1.4911720752716064,0.2546588182449341,1.0,1.0,0.9903857111930847,0.0,786432
8,polar_hyb1pct,3,0.1455492228269577,0.38150912523269653,2.521497964859009,1.04850435256958,1.4798704385757446,0.22584545612335205,1.0,1.0,0.9917770028114319,0.0,786432
8,polar_hyb1pct,4,0.1862812489271164,0.4316031038761139,3.9174087047576904,1.218363642692566,1.758619785308838,0.1997682750225067,1.0,1.0,0.9930133819580078,0.0,786432
8,polar_hyb1pct,5,0.17013992369174957,0.4124802052974701,3.294552803039551,1.107321858406067,1.5147665739059448,0.1978069543838501,1.0,1.0,0.9935912489891052,0.0,786432
8,polar_hyb1pct,6,0.1760239452123642,0.4195520877838135,2.0359694957733154,1.3199948072433472,1.7294902801513672,0.2057027369737625,1.0,1.0,0.9930480122566223,0.0,786432
8,polar_hyb1pct,7,0.1535024642944336,0.3917939066886902,2.859867811203003,0.9136253595352173,1.4847854375839233,0.23392315208911896,1.0,1.0,0.9919838905334473,0.0,786432
8,polar_hyb1pct,8,0.16280139982700348,0.40348654985427856,2.1306674480438232,0.8608118295669556,1.3176873922348022,0.4324483871459961,1.0,1.0,0.9883063435554504,0.0,786432
8,polar_hyb1pct,9,0.18324832618236542,0.4280751347541809,1.993290662765503,0.935608446598053,1.1826753616333008,0.21559469401836395,1.0,1.0,0.994072437286377,0.0,786432
8,polar_hyb1pct,10,0.24008499085903168,0.4899846911430359,2.865609884262085,1.0482444763183594,1.4693397283554077,0.27127572894096375,1.0,1.0,0.992344081401825,0.0,786432
8,polar_hyb1pct,11,0.2433849573135376,0.4933406114578247,3.9751734733581543,1.2633615732192993,1.9719420671463013,0.246833935379982,1.0,1.0,0.9920448064804077,0.0,786432
8,polar_hyb1pct,12,0.0641358345746994,0.2532505393028259,1.808613657951355,0.6711066961288452,0.9166499376296997,1.0,1.0,1.0,0.0,0.0,786432
8,polar_hyb1pct,13,0.07560154795646667,0.2749573588371277,1.9577940702438354,0.7119016647338867,1.1316311359405518,1.0,1.0,1.0,0.0,0.0,786432
8,polar_hyb1pct,14,0.05589769408106804,0.2364269345998764,1.6674940586090088,0.7135014533996582,0.9163885712623596,1.0,1.0,1.0,0.0,0.0,786432
8,polar_hyb1pct,15,0.06663771718740463,0.2581428289413452,2.1573522090911865,0.7213723659515381,0.9119794964790344,1.0,1.0,1.0,0.0,0.0,786432
8,polar_hyb1pct,16,0.061574291437864304,0.24814167618751526,1.9853707551956177,0.6969533562660217,1.1219565868377686,1.0,1.0,1.0,0.0,0.0,786432
8,polar_hyb1pct,17,0.06302041560411453,0.25103867053985596,2.007220506668091,0.5738242864608765,0.8450546860694885,1.0,1.0,1.0,0.0,0.0,786432
8,polar_hyb1pct,18,0.09731576591730118,0.3119547367095947,2.197507858276367,0.7844208478927612,1.1029810905456543,1.0,1.0,1.0,0.0,0.0,786432
8,polar_hyb1pct,19,0.06029080972075462,0.24554187059402466,1.6814109086990356,0.6185060143470764,0.9099032282829285,1.0,1.0,1.0,0.0,0.0,786432
8,polar_hyb1pct,20,0.059978436678647995,0.24490495026111603,1.8791896104812622,0.6057971715927124,0.9822450876235962,1.0,1.0,1.0,0.0,0.0,786432
8,polar_hyb1pct,21,0.0570153184235096,0.23877879977226257,2.243508815765381,0.6511366367340088,1.2587412595748901,1.0,1.0,1.0,0.0,0.0,786432
8,polar_hyb1pct,22,0.07102186232805252,0.26649928092956543,2.0135419368743896,0.7536182403564453,1.1026867628097534,1.0,1.0,1.0,0.0,0.0,786432
8,polar_hyb1pct,23,0.05736391618847847,0.23950766026973724,2.075137138366699,0.6212903261184692,0.9498621821403503,1.0,1.0,1.0,0.0,0.0,786432
8,polar_hyb1pct,24,0.06403716653585434,0.2530556619167328,1.8151801824569702,0.6473751068115234,0.8769137263298035,1.0,1.0,1.0,0.0,0.0,786432
8,polar_hyb1pct,25,0.06730568408966064,0.259433388710022,1.7872490882873535,0.6257748603820801,0.8756279349327087,1.0,1.0,1.0,0.0,0.0,786432
8,polar_hyb1pct,26,0.06435350328683853,0.25367993116378784,1.6908031702041626,0.6097874045372009,0.9051999449729919,1.0,1.0,1.0,0.0,0.0,786432
8,polar_hyb1pct,27,0.09069114923477173,0.30114972591400146,1.9697233438491821,0.7595399022102356,0.9910637736320496,1.0,1.0,1.0,0.0,0.0,786432
8,polar_hyb1pct,28,0.0834539458155632,0.2888839542865753,1.830233097076416,0.8297728896141052,1.0645524263381958,1.0,1.0,1.0,0.0,0.0,786432
8,polar_hyb1pct,29,0.09363430738449097,0.30599722266197205,2.0248892307281494,0.869395911693573,1.183163046836853,1.0,1.0,1.0,0.0,0.0,786432
8,log_polar_hyb01pct,ALL,0.33022403717041016,0.5746512413024902,6.472004413604736,2.492654323577881,3.789381980895996,0.2584691643714905,0.5363487601280212,0.5931171774864197,0.9949895739555359,0.9492091536521912,23592960
8,log_polar_hyb01pct,0,0.5904669165611267,0.7684184312820435,4.758939266204834,2.3986568450927734,4.092589378356934,0.23009587824344635,0.5504167079925537,0.5928866267204285,0.9945148229598999,0.9503716826438904,786432
8,log_polar_hyb01pct,1,0.9508851170539856,0.9751333594322205,7.676878452301025,4.402197360992432,6.135652542114258,0.26265281438827515,0.5578510165214539,0.6004874110221863,0.9944714903831482,0.9473187327384949,786432
8,log_polar_hyb01pct,2,1.0574415922164917,1.0283198356628418,8.015023231506348,5.2922234535217285,6.336480617523193,0.2333633452653885,0.5310294032096863,0.5816562175750732,0.9955068230628967,0.961246907711029,786432
8,log_polar_hyb01pct,3,0.622739315032959,0.7891383171081543,5.620974540710449,3.467471122741699,5.29538631439209,0.25636816024780273,0.5310568809509277,0.5901886820793152,0.9948442578315735,0.9467567205429077,786432
8,log_polar_hyb01pct,4,0.751875102519989,0.8671073317527771,6.5516767501831055,3.322125196456909,5.247824668884277,0.2730608880519867,0.5465901494026184,0.6042692065238953,0.9945807456970215,0.9432159662246704,786432
8,log_polar_hyb01pct,5,0.7344769835472107,0.8570163249969482,6.307401657104492,3.338134288787842,5.1683878898620605,0.25556689500808716,0.5314990282058716,0.5912991762161255,0.9949503540992737,0.9502499103546143,786432
8,log_polar_hyb01pct,6,0.9277319312095642,0.9631884098052979,5.645800590515137,4.466544151306152,5.347222328186035,0.2642582654953003,0.5300884246826172,0.592762291431427,0.9949920773506165,0.9435615539550781,786432
8,log_polar_hyb01pct,7,0.7805988192558289,0.8835150599479675,6.151134014129639,4.861778736114502,5.693238735198975,0.25645408034324646,0.5350946187973022,0.5928286910057068,0.9948220252990723,0.9480116367340088,786432
8,log_polar_hyb01pct,8,0.46969589591026306,0.6853436231613159,6.761197090148926,2.4970006942749023,6.248727798461914,0.25699180364608765,0.5367159843444824,0.5904678106307983,0.9950764179229736,0.9492014646530151,786432
8,log_polar_hyb01pct,9,0.795031726360321,0.8916454911231995,6.816100120544434,3.287738800048828,6.178518772125244,0.27496635913848877,0.5428720116615295,0.5946099758148193,0.9952818155288696,0.9460307955741882,786432
8,log_polar_hyb01pct,10,0.7655792236328125,0.8749738335609436,7.632352828979492,3.8827784061431885,6.608273506164551,0.27308133244514465,0.5474269390106201,0.5972303152084351,0.9949268102645874,0.9451234936714172,786432
8,log_polar_hyb01pct,11,1.564389705657959,1.2507556676864624,6.768026828765869,5.882803916931152,6.336250305175781,0.28442972898483276,0.5482310652732849,0.603672444820404,0.9956310391426086,0.9565537571907043,786432
8,log_polar_hyb01pct,12,0.21481961011886597,0.46348637342453003,7.525688648223877,1.8744654655456543,4.977718353271484,0.24273718893527985,0.5213983058929443,0.5862953066825867,0.9951140284538269,0.9535699486732483,786432
8,log_polar_hyb01pct,13,0.25505849719047546,0.5050331354141235,7.3507280349731445,2.015061378479004,6.432367324829102,0.2722698450088501,0.5421660542488098,0.5982387661933899,0.9950716495513916,0.939836859703064,786432
8,log_polar_hyb01pct,14,0.21946580708026886,0.4684717655181885,5.246321201324463,1.9982155561447144,4.262611389160156,0.24672430753707886,0.5545070767402649,0.605023205280304,0.9948371052742004,0.9439613819122314,786432
8,log_polar_hyb01pct,15,0.20310765504837036,0.4506746530532837,6.741378307342529,1.7406625747680664,4.711550712585449,0.25687259435653687,0.5312258005142212,0.5913713574409485,0.9946876168251038,0.9581043720245361,786432
8,log_polar_hyb01pct,16,0.236739382147789,0.4865587055683136,6.116923809051514,2.123384714126587,4.998188495635986,0.2595633864402771,0.5340996980667114,0.5926921963691711,0.9941458106040955,0.9406540393829346,786432
8,log_polar_hyb01pct,17,0.16943927109241486,0.4116300046443939,6.2038092613220215,2.272091865539551,3.3140265941619873,0.26197507977485657,0.5472359657287598,0.5930054783821106,0.9958286285400391,0.9535050988197327,786432
8,log_polar_hyb01pct,18,0.1497770994901657,0.38701045513153076,4.262275695800781,1.6209237575531006,3.3691396713256836,0.24514812231063843,0.5262882709503174,0.5877546668052673,0.9943785071372986,0.9565646648406982,786432
8,log_polar_hyb01pct,19,0.1873592734336853,0.432850182056427,7.741257667541504,1.5687226057052612,5.971545696258545,0.25517207384109497,0.534786581993103,0.5921618342399597,0.995507001876831,0.9586517214775085,786432
8,log_polar_hyb01pct,20,0.15564361214637756,0.3945169448852539,5.051669597625732,1.6289865970611572,3.7576160430908203,0.25116652250289917,0.5234187841415405,0.5870926380157471,0.9953333735466003,0.9600661396980286,786432
8,log_polar_hyb01pct,21,0.18399739265441895,0.42894917726516724,5.712011337280273,1.8873465061187744,4.474299907684326,0.24983109533786774,0.5518079400062561,0.6120842099189758,0.9945564270019531,0.9413096904754639,786432
8,log_polar_hyb01pct,22,0.2618916630744934,0.511753499507904,7.392177581787109,2.1715376377105713,5.011868476867676,0.24656009674072266,0.5297438502311707,0.5938133597373962,0.9949130415916443,0.9546509385108948,786432
8,log_polar_hyb01pct,23,0.1938861608505249,0.4403250515460968,5.414033889770508,1.9335657358169556,4.582809925079346,0.23939423263072968,0.5321138501167297,0.5878005027770996,0.9944815039634705,0.9584184288978577,786432
8,log_polar_hyb01pct,24,0.17136697471141815,0.4139649569988251,5.537272930145264,1.9736138582229614,2.747009754180908,0.2580229640007019,0.5395180583000183,0.5885145664215088,0.9949524402618408,0.9514087438583374,786432
8,log_polar_hyb01pct,25,0.2452283650636673,0.4952053725719452,8.102700233459473,1.9186584949493408,6.042758464813232,0.2545602023601532,0.5276566743850708,0.5908016562461853,0.9948761463165283,0.9541615843772888,786432
8,log_polar_hyb01pct,26,0.299636572599411,0.5473906993865967,6.820247650146484,2.443652391433716,5.474722862243652,0.24869395792484283,0.5465447902679443,0.5938437581062317,0.9950567483901978,0.9439684748649597,786432
8,log_polar_hyb01pct,27,0.34506240487098694,0.5874201059341431,9.038665771484375,2.3508498668670654,7.14282751083374,0.24987193942070007,0.5229150652885437,0.58689945936203,0.9954690933227539,0.9564827680587769,786432
8,log_polar_hyb01pct,28,0.21096134185791016,0.4593052864074707,5.449867248535156,1.868364691734314,4.547443389892578,0.24830247461795807,0.5334989428520203,0.5876829028129578,0.9950620532035828,0.9554349184036255,786432
8,log_polar_hyb01pct,29,0.2583131790161133,0.5082451701164246,6.932100296020508,1.7131754159927368,5.033218860626221,0.2569342851638794,0.5250240564346313,0.5915746092796326,0.9954150915145874,0.9554169178009033,786432
10,cart,ALL,0.3870471119880676,0.6221311092376709,0.8595971465110779,0.8523762822151184,0.8575829267501831,0.7825818657875061,41.8863639831543,103.31906127929688,0.9695495367050171,0.7046204805374146,23592960
10,cart,0,0.05778709053993225,0.24038945138454437,0.4226742088794708,0.4011308550834656,0.4110020697116852,0.11535321176052094,0.7916208505630493,3.6657168865203857,0.9976668357849121,0.7093677520751953,786432
10,cart,1,0.1943945735692978,0.4409019947052002,0.7142486572265625,0.6842606067657471,0.7046336531639099,0.2808462679386139,8.113297462463379,18.469133377075195,0.9880788326263428,0.7169310450553894,786432
10,cart,2,0.19955582916736603,0.4467167258262634,0.706670343875885,0.6758084297180176,0.6964460611343384,0.28959572315216064,6.634875774383545,15.034225463867188,0.9896708130836487,0.6290571689605713,786432
10,cart,3,0.13129191100597382,0.3623422682285309,0.6154875755310059,0.5787948369979858,0.604376494884491,0.27150192856788635,3.560804605484009,9.360661506652832,0.990588903427124,0.6888027191162109,786432
10,cart,4,0.12563808262348175,0.3544546365737915,0.6067335605621338,0.5682793855667114,0.5949602127075195,0.20377421379089355,1.426590919494629,5.559581279754639,0.9929627180099487,0.7106186747550964,786432
10,cart,5,0.11952689290046692,0.3457266092300415,0.6075171232223511,0.566361665725708,0.5951751470565796,0.20253433287143707,1.0838727951049805,3.150691509246826,0.9936995506286621,0.7072523236274719,786432
10,cart,6,0.11695414781570435,0.3419855833053589,0.5904449820518494,0.5512730479240417,0.5785357356071472,0.22861932218074799,1.3429687023162842,4.830726146697998,0.992790162563324,0.710902214050293,786432
10,cart,7,0.14263544976711273,0.37767109274864197,0.6467217206954956,0.605310320854187,0.6350046992301941,0.2657434642314911,2.114349603652954,5.786015033721924,0.9892534613609314,0.7070744037628174,786432
10,cart,8,0.16579432785511017,0.40717849135398865,0.6876387000083923,0.6493867635726929,0.6760876178741455,0.4040732979774475,3.2770941257476807,9.453523635864258,0.9769777059555054,0.6162311434745789,786432
10,cart,9,0.18617041409015656,0.4314746856689453,0.7502346038818359,0.7052338719367981,0.737080991268158,0.25639158487319946,1.0138533115386963,4.047718048095703,0.9884324669837952,0.7138006687164307,786432
10,cart,10,0.15513627231121063,0.3938734233379364,0.6803233623504639,0.6490658521652222,0.6705020070075989,0.2165559083223343,1.6196523904800415,5.437291622161865,0.9919126629829407,0.5123099088668823,786432
10,cart,11,0.21707592904567719,0.4659140706062317,0.7527263760566711,0.7226791977882385,0.7427548170089722,0.24801740050315857,5.833470344543457,16.717636108398438,0.992653489112854,0.7039250135421753,786432
10,cart,12,0.2558909058570862,0.5058566331863403,0.6546023488044739,0.6474485397338867,0.652187705039978,3.820786476135254,31.134883880615234,78.53382110595703,0.9634183645248413,0.6510836482048035,786432
10,cart,13,0.2692898213863373,0.5189314484596252,0.6522611379623413,0.6448490619659424,0.6491002440452576,6.154590606689453,30.349403381347656,58.32310485839844,0.9645488262176514,0.43791231513023376,786432
10,cart,14,0.231350839138031,0.4809894263744354,0.6080818772315979,0.6030141711235046,0.6066938042640686,4.266138076782227,47.83113479614258,104.02918243408203,0.9609642028808594,0.7143046259880066,786432
10,cart,15,0.24831752479076385,0.49831467866897583,0.6362342238426208,0.6326490044593811,0.635277271270752,3.7083420753479004,51.802650451660156,154.15943908691406,0.9665246605873108,0.7151925563812256,786432
10,cart,16,0.2093534916639328,0.45755162835121155,0.5732186436653137,0.5667415261268616,0.5713634490966797,3.5067999362945557,35.3242301940918,69.57875061035156,0.9575976729393005,0.48986274003982544,786432
10,cart,17,0.23288226127624512,0.48257875442504883,0.6185871362686157,0.6137601733207703,0.6166483163833618,4.367560863494873,45.99871063232422,110.16621398925781,0.9553957581520081,0.6989326477050781,786432
10,cart,18,0.42520609498023987,0.6520782709121704,0.8026552200317383,0.7974160313606262,0.8012457489967346,7.44973611831665,57.652305603027344,133.08143615722656,0.9574634432792664,0.7157861590385437,786432
10,cart,19,0.21621310710906982,0.46498721837997437,0.589011013507843,0.5844901204109192,0.5873791575431824,4.513505458831787,45.251747131347656,96.42523193359375,0.9590088725090027,0.45042532682418823,786432
10,cart,20,0.16570104658603668,0.40706393122673035,0.5438840389251709,0.5361177921295166,0.5425215363502502,1.439011573791504,29.2578067779541,59.72006607055664,0.9695588946342468,0.6825779676437378,786432
10,cart,21,0.17302203178405762,0.4159591794013977,0.537322998046875,0.5329802632331848,0.5357640385627747,2.453172206878662,42.740516662597656,104.57426452636719,0.9603103995323181,0.7057231664657593,786432
10,cart,22,0.18390734493732452,0.4288441836833954,0.5510732531547546,0.5483671426773071,0.5503957867622375,2.8068768978118896,55.109039306640625,155.5063018798828,0.9646342396736145,0.4515003561973572,786432
10,cart,23,0.18814247846603394,0.43375393748283386,0.5745790600776672,0.5713383555412292,0.57392418384552,2.0672168731689453,54.55680465698242,151.35914611816406,0.9659340381622314,0.7015178799629211,786432
10,cart,24,0.18778985738754272,0.43334728479385376,0.5551624298095703,0.5513604879379272,0.5536726117134094,2.730013370513916,40.074928283691406,121.02513122558594,0.9592615365982056,0.6064707636833191,786432
10,cart,25,0.38717448711395264,0.6222334504127502,0.7709569931030273,0.7635785341262817,0.7691975831985474,6.1725053787231445,34.79376983642578,84.82469940185547,0.9529763460159302,0.7137688398361206,786432
10,cart,26,0.2996196448802948,0.5473752021789551,0.6924145221710205,0.6851800680160522,0.6900007724761963,4.621586322784424,37.25508117675781,80.0268783569336,0.9364016652107239,0.6616470813751221,786432
10,cart,27,0.41081252694129944,0.6409465670585632,0.8124951720237732,0.8018844127655029,0.8094188570976257,4.928828239440918,25.940349578857422,65.38298034667969,0.9567306041717529,0.6743344664573669,786432
10,cart,28,0.1918715089559555,0.438031405210495,0.6149157285690308,0.6092157959938049,0.6125293374061584,0.938090443611145,35.66265869140625,89.70451354980469,0.9675107002258301,0.7158764600753784,786432
10,cart,29,0.1977768987417221,0.44472113251686096,0.6311442255973816,0.6186047196388245,0.6274534463882446,0.7607210874557495,16.550691604614258,39.17220687866211,0.9714980125427246,0.6768852472305298,786432
10,polar,ALL,0.048946280032396317,0.22123806178569794,3.156100034713745,0.566371500492096,1.0553828477859497,0.32109105587005615,1.0,1.0,0.9963052868843079,0.0,23592960
10,polar,0,0.035615671426057816,0.18872115015983582,1.2258888483047485,0.5404619574546814,0.683883011341095,0.08572458475828171,0.297868937253952,1.0,0.998558759689331,0.0,786432
10,polar,1,0.059029728174209595,0.2429603487253189,2.157594919204712,0.7812086939811707,1.080002784729004,0.11352235078811646,1.0,1.0,0.9981317520141602,0.0,786432
10,polar,2,0.05506208539009094,0.23465311527252197,2.9354634284973145,0.7325767278671265,1.1906377077102661,0.12019244581460953,1.0,1.0,0.998330295085907,0.0,786432
10,polar,3,0.04394656792283058,0.20963436365127563,1.2149604558944702,0.7781829833984375,1.0744389295578003,0.10707434266805649,1.0,1.0,0.9984212517738342,0.0,786432
10,polar,4,0.041863661259412766,0.20460611581802368,2.1760177612304688,0.5608793497085571,1.0990347862243652,0.09291626513004303,0.6674044728279114,1.0,0.9986664652824402,0.0,786432
10,polar,5,0.040696557611227036,0.20173387229442596,1.6416270732879639,0.5893875956535339,0.8493532538414001,0.09334651380777359,0.4511876702308655,1.0,0.998731791973114,0.0,786432
10,polar,6,0.04612800478935242,0.21477431058883667,1.3369839191436768,0.7385213971138,1.0705947875976562,0.09818140417337418,0.6612208485603333,1.0,0.9986858367919922,0.0,786432
10,polar,7,0.04112200811505318,0.20278562605381012,1.3246442079544067,0.6164305210113525,0.9155237674713135,0.10754453390836716,1.0,1.0,0.9985898733139038,0.0,786432
10,polar,8,0.03961870074272156,0.19904446601867676,1.5202556848526,0.530203640460968,0.7526621222496033,0.1541084349155426,1.0,1.0,0.9983713626861572,0.0,786432
10,polar,9,0.04532582685351372,0.2128986269235611,1.5788946151733398,0.4834383726119995,0.9942296743392944,0.10488049685955048,0.3365373909473419,1.0,0.9987358450889587,0.0,786432
10,polar,10,0.05863400921225548,0.2421445995569229,1.8924857378005981,0.6462146639823914,1.206221580505371,0.11388150602579117,1.0,1.0,0.9986348748207092,0.0,786432
10,polar,11,0.07676941156387329,0.277072936296463,1.948517084121704,0.9337726831436157,1.267961859703064,0.09972471743822098,1.0,1.0,0.9982767701148987,0.0,786432
10,polar,12,0.023857930675148964,0.1544601321220398,2.228983163833618,0.400968998670578,1.0120583772659302,1.0,1.0,1.0,0.0,0.0,786432
10,polar,13,0.025192713364958763,0.1587221324443817,1.5163809061050415,0.38852939009666443,0.9037011861801147,1.0,1.0,1.0,0.0,0.0,786432
10,polar,14,0.015421848744153976,0.1241847351193428,1.205510139465332,0.3237038850784302,0.7095146179199219,1.0,1.0,1.0,0.0,0.0,786432
10,polar,15,0.020070865750312805,0.14167168736457825,2.1526243686676025,0.3873912990093231,0.8850569128990173,1.0,1.0,1.0,0.0,0.0,786432
10,polar,16,0.020774593576788902,0.14413394033908844,1.4371141195297241,0.3795264959335327,0.846980631351471,1.0,1.0,1.0,0.0,0.0,786432
10,polar,17,0.016889410093426704,0.12995927035808563,1.5385409593582153,0.3237738609313965,0.6986249685287476,1.0,1.0,1.0,0.0,0.0,786432
10,polar,18,0.02872764877974987,0.16949231922626495,1.8941949605941772,0.4136449992656708,0.9311889410018921,1.0,1.0,1.0,0.0,0.0,786432
10,polar,19,0.028692230582237244,0.1693878173828125,3.1188888549804688,0.37031930685043335,1.7933564186096191,1.0,1.0,1.0,0.0,0.0,786432
10,polar,20,0.01688051037490368,0.12992501258850098,1.3173671960830688,0.35220015048980713,0.6641556024551392,0.739521324634552,1.0,1.0,0.9958624839782715,0.0,786432
10,polar,21,0.017145002260804176,0.13093893229961395,1.884883165359497,0.3581267297267914,0.7850805521011353,1.0,1.0,1.0,0.0,0.0,786432
10,polar,22,0.023324495181441307,0.15272359549999237,2.0538597106933594,0.5068681836128235,1.1097009181976318,1.0,1.0,1.0,0.0,0.0,786432
10,polar,23,0.019109494984149933,0.1382371038198471,1.2439545392990112,0.4592159390449524,0.7355354428291321,1.0,1.0,1.0,0.0,0.0,786432
10,polar,24,0.018129847943782806,0.13464713096618652,1.186272382736206,0.32349342107772827,0.6733493208885193,1.0,1.0,1.0,0.0,0.0,786432
10,polar,25,0.023302113637328148,0.15265029668807983,2.441906213760376,0.3501869738101959,1.2755943536758423,1.0,1.0,1.0,0.0,0.0,786432
10,polar,26,0.024448534473776817,0.15636026859283447,1.980148196220398,0.46178138256073,0.8907093405723572,1.0,1.0,1.0,0.0,0.0,786432
10,polar,27,0.03544926270842552,0.18827974796295166,3.0934481620788574,0.4252530038356781,1.8297374248504639,1.0,1.0,1.0,0.0,0.0,786432
10,polar,28,0.019164135679602623,0.13843458890914917,1.3065186738967896,0.3268767297267914,0.823314905166626,0.31841251254081726,1.0,1.0,0.9965209364891052,0.0,786432
10,polar,29,0.028950775042176247,0.17014926671981812,2.335033655166626,0.4142402112483978,0.8087536692619324,0.2981361448764801,1.0,1.0,0.9967033267021179,0.0,786432
10,log_polar,ALL,0.0962483286857605,0.31023913621902466,4.712060928344727,1.2775734663009644,2.6251299381256104,0.12729831039905548,0.2330232858657837,0.25480809807777405,0.9987406730651855,0.9923152923583984,23592960
10,log_polar,0,0.16749243438243866,0.4092583954334259,2.1340465545654297,1.1924558877944946,2.070406436920166,0.13081353902816772,0.23248028755187988,0.25629281997680664,0.9986490607261658,0.9928064942359924,786432
10,log_polar,1,0.17273278534412384,0.4156113266944885,3.679807662963867,1.9103907346725464,2.5691096782684326,0.11884050816297531,0.22897224128246307,0.2542959749698639,0.9987421631813049,0.9915903806686401,786432
10,log_polar,2,0.15703441202640533,0.39627566933631897,4.5875701904296875,1.8783633708953857,2.6393489837646484,0.11822015047073364,0.22736936807632446,0.251602441072464,0.9988611340522766,0.9951969981193542,786432
10,log_polar,3,0.13889513909816742,0.37268638610839844,3.108818531036377,1.5427230596542358,2.8879923820495605,0.12905281782150269,0.23414508998394012,0.25550034642219543,0.9987358450889587,0.9913743138313293,786432
10,log_polar,4,0.15609793365001678,0.39509230852127075,3.5761373043060303,1.3589965105056763,2.4210898876190186,0.1325957030057907,0.23378603160381317,0.2545240819454193,0.9987698793411255,0.9898499250411987,786432
10,log_polar,5,0.13342750072479248,0.3652772903442383,3.002045154571533,1.3016103506088257,1.961195468902588,0.1250828057527542,0.23013432323932648,0.2539850175380707,0.9987892508506775,0.9927594661712646,786432
10,log_polar,6,0.17930729687213898,0.423446923494339,2.9241726398468018,1.7765541076660156,2.580467939376831,0.12559989094734192,0.2325158417224884,0.2544855773448944,0.9987820982933044,0.9900446534156799,786432
10,log_polar,7,0.10273638367652893,0.3205251693725586,3.361621141433716,1.1654495000839233,1.8437050580978394,0.12708960473537445,0.23276954889297485,0.2546401619911194,0.9987616539001465,0.9918806552886963,786432
10,log_polar,8,0.0628923550248146,0.2507834732532501,3.5271761417388916,0.9309560656547546,1.624578833580017,0.12176235020160675,0.2297009378671646,0.2535243034362793,0.9987964034080505,0.9923517107963562,786432
10,log_polar,9,0.12451530247926712,0.3528672456741333,3.6685757637023926,1.1454851627349854,2.4697959423065186,0.12499900907278061,0.22995874285697937,0.25329601764678955,0.9987936615943909,0.9910771250724792,786432
10,log_polar,10,0.1678106039762497,0.4096469283103943,4.2101898193359375,1.8343859910964966,3.069201946258545,0.12298999726772308,0.23272225260734558,0.25542929768562317,0.9987882971763611,0.9907018542289734,786432
10,log_polar,11,0.2697335183620453,0.51935875415802,3.755629777908325,2.1543025970458984,3.115508556365967,0.12803466618061066,0.23281772434711456,0.2541316747665405,0.9987725019454956,0.9950535893440247,786432
10,log_polar,12,0.05333203077316284,0.23093728721141815,3.3424341678619385,0.7836015224456787,2.5425686836242676,0.12510351836681366,0.2318917214870453,0.2545032501220703,0.9988139867782593,0.9940030574798584,786432
10,log_polar,13,0.04459760710597038,0.21118146181106567,3.9074416160583496,0.7924534678459167,1.9747872352600098,0.12475613504648209,0.22912190854549408,0.25302571058273315,0.9986676573753357,0.988425612449646,786432
10,log_polar,14,0.03713043034076691,0.1926925778388977,2.8661978244781494,0.7050628662109375,1.9537532329559326,0.1313079446554184,0.23367469012737274,0.25526154041290283,0.9987761378288269,0.9902141094207764,786432
10,log_polar,15,0.053757548332214355,0.23185673356056213,3.480088233947754,1.1602871417999268,2.0885398387908936,0.1320374757051468,0.2386031299829483,0.25873875617980957,0.998714804649353,0.9951876401901245,786432
10,log_polar,16,0.047896623611450195,0.2188529670238495,3.23758602142334,0.8032509684562683,2.4138810634613037,0.12990045547485352,0.2297372668981552,0.254181444644928,0.9986011385917664,0.9887868762016296,786432
10,log_polar,17,0.03385331854224205,0.18399271368980408,3.2401344776153564,0.7105256915092468,1.6197082996368408,0.12627644836902618,0.23391777276992798,0.2566334009170532,0.9988285303115845,0.9939794540405273,786432
10,log_polar,18,0.04848303273320198,0.22018863260746002,4.671085357666016,0.8691120147705078,2.361382484436035,0.1256636083126068,0.22973383963108063,0.25288692116737366,0.9987875819206238,0.9950572848320007,786432
10,log_polar,19,0.047616004943847656,0.21821092069149017,4.2527241706848145,0.7805511951446533,3.00705623626709,0.12258874624967575,0.23213298618793488,0.25402402877807617,0.9987296462059021,0.9951855540275574,786432
10,log_polar,20,0.03747890517115593,0.19359469413757324,2.7195165157318115,0.8039773106575012,1.640581727027893,0.1275159865617752,0.2346692532300949,0.25579994916915894,0.9986748695373535,0.995192289352417,786432
10,log_polar,21,0.03899423032999039,0.197469562292099,3.074244260787964,0.7949873208999634,1.6576554775238037,0.1308119297027588,0.232619971036911,0.2547577917575836,0.9986289739608765,0.9890602231025696,786432
10,log_polar,22,0.05506783723831177,0.2346653789281845,3.3803699016571045,1.1620742082595825,2.2481069564819336,0.1233893409371376,0.23167157173156738,0.2530099153518677,0.9987874627113342,0.9943684339523315,786432
10,log_polar,23,0.045179519802331924,0.21255475282669067,2.845261812210083,1.0618971586227417,1.690240502357483,0.12636302411556244,0.2339581549167633,0.25424280762672424,0.998765230178833,0.9951891899108887,786432
10,log_polar,24,0.030024483799934387,0.17327573895454407,3.0074918270111084,0.6819402575492859,1.5959290266036987,0.1258389949798584,0.23184284567832947,0.25426462292671204,0.9986107349395752,0.9932020902633667,786432
10,log_polar,25,0.04213349148631096,0.20526444911956787,4.319077491760254,0.7540349364280701,2.313371419906616,0.12702681124210358,0.2331792563199997,0.25673434138298035,0.9987353086471558,0.9941312670707703,786432
10,log_polar,26,0.044913116842508316,0.2119271457195282,3.7852630615234375,0.7054356932640076,2.3875839710235596,0.1308501809835434,0.23427517712116241,0.2567918300628662,0.998589277267456,0.9902171492576599,786432
10,log_polar,27,0.059334635734558105,0.24358701705932617,4.925809383392334,0.8158780932426453,2.9065937995910645,0.12454209476709366,0.22942566871643066,0.253272145986557,0.9986574649810791,0.9946972727775574,786432
10,log_polar,28,0.045266032218933105,0.2127581536769867,2.9706826210021973,0.7071159482002258,2.075157642364502,0.11870810389518738,0.23056401312351227,0.2538195550441742,0.9988225102424622,0.9946674704551697,786432
10,log_polar,29,0.06165488436818123,0.24830400943756104,3.651162624359131,0.9082220792770386,1.7715013027191162,0.12407402694225311,0.23148930072784424,0.25373944640159607,0.9987302422523499,0.9945499300956726,786432
